target_transform,label_fraction,train_rows_used,val_rows,test_rows,model_family,model_name,checkpoint_path,num_features,missing_keys_count,unexpected_keys_count,val_mae,val_rmse,val_r2,val_spearman,val_median_ae,test_mae,test_rmse,test_r2,test_spearman,test_median_ae
log1p_target,1.0,98388,133470,152488,transformer_pretrained,best_model,Z:\Bloodcounts\FBC-Transformer\artifacts\blood_foundation_v2_20260421_080320\checkpoints\best_model.pt,321,0.0,0.0,973.1414184570312,2443.615478515625,0.15461403131484985,0.6461710192805867,275.39520263671875,1244.485595703125,3020.089111328125,0.1422269344329834,0.6749956387090045,392.2181396484375
log1p_target,1.0,98388,133470,152488,transformer_scratch,transformer_scratch,,321,0.0,0.0,967.5563354492188,2423.152587890625,0.16871339082717896,0.6461327604762057,267.3443603515625,1239.3057861328125,2992.107666015625,0.15804803371429443,0.6823529860803509,363.4823913574219
log1p_target,1.0,98388,133470,152488,baseline,mlp_regressor,,321,,,1053.6614990234375,4181.45654296875,-1.4753949642181396,0.624721701760106,265.06707763671875,1311.2799072265625,5419.5048828125,-1.762181043624878,0.675652688514521,341.5103759765625
log1p_target,1.0,98388,133470,152488,baseline,xgboost,,321,,,846.7736206054688,2298.3212890625,0.25215643644332886,0.7093854983940358,215.56988525390625,1051.4869384765625,2820.9443359375,0.25162041187286377,0.7508015490177021,272.5326843261719
log1p_target,1.0,98388,133470,152488,baseline,lightgbm,,321,,,843.0891689804431,2289.3234368817707,0.258000578923653,0.7135704265424773,214.5053582147446,1046.3601766668482,2803.621631959048,0.2607833730737439,0.7546129374492929,270.197480976332
log1p_target,1.0,98388,133470,152488,baseline,catboost,,321,,,871.5614944942175,2351.4888215554606,0.21715623892823788,0.6981276670932862,225.05653862828314,1091.7573195401633,2896.653319661747,0.21091104679386707,0.7402048186207756,286.3680769230435
log1p_target,0.5,49194,133470,152488,transformer_pretrained,best_model,Z:\Bloodcounts\FBC-Transformer\artifacts\blood_foundation_v2_20260421_080320\checkpoints\best_model.pt,321,0.0,0.0,979.4136962890625,2518.22998046875,0.1021990180015564,0.6272114671422266,277.615234375,1275.1461181640625,3150.300537109375,0.0666663646697998,0.6418251531201798,400.7359619140625
log1p_target,0.5,49194,133470,152488,transformer_scratch,transformer_scratch,,321,0.0,0.0,981.7761840820312,2452.716064453125,0.14830553531646729,0.6336900116266648,303.59161376953125,1268.136962890625,3037.65283203125,0.13222086429595947,0.6537504561271452,434.5244140625
log1p_target,0.5,49194,133470,152488,baseline,mlp_regressor,,321,,,1051.354248046875,2941.588623046875,-0.22504818439483643,0.6044658625516693,270.1014709472656,239833055232.0,93654119088128.0,-8.248722005060181e+20,0.6513951848223852,346.0716552734375
log1p_target,0.5,49194,133470,152488,baseline,xgboost,,321,,,852.247314453125,2320.0478515625,0.2379506230354309,0.7042878994390878,216.9801788330078,1056.918212890625,2843.894287109375,0.23939388990402222,0.7467975759809631,269.60015869140625
log1p_target,0.5,49194,133470,152488,baseline,lightgbm,,321,,,849.743720336722,2308.1836876535285,0.24572451527302475,0.704407190399868,217.34463246317046,1056.2402911444187,2836.1425052487016,0.2435346852106398,0.7458011431259368,273.32406485350464
log1p_target,0.5,49194,133470,152488,baseline,catboost,,321,,,880.2573273788474,2371.524879961001,0.20375883189291744,0.692084562422632,227.71082208947186,1103.5483112659758,2918.227515719328,0.19911304758921833,0.7337357959215418,292.0207518101429
log1p_target,0.3,29516,133470,152488,transformer_pretrained,best_model,Z:\Bloodcounts\FBC-Transformer\artifacts\blood_foundation_v2_20260421_080320\checkpoints\best_model.pt,321,0.0,0.0,961.8016357421875,2477.62646484375,0.13091760873794556,0.6377105782019854,266.21728515625,1217.824462890625,3040.0673828125,0.13084089756011963,0.6628951625979179,369.4197998046875
log1p_target,0.3,29516,133470,152488,transformer_scratch,transformer_scratch,,321,0.0,0.0,976.7164306640625,2449.59130859375,0.1504741907119751,0.6282138310386904,292.30230712890625,1259.40869140625,3044.249267578125,0.12844806909561157,0.6501165518728064,404.529052734375
log1p_target,0.3,29516,133470,152488,baseline,mlp_regressor,,321,,,1149.3597412109375,3505.320556640625,-0.7395813465118408,0.6002391173868739,291.97906494140625,1906472.75,743890496.0,-52041637888.0,0.6366472354159015,378.4476013183594
log1p_target,0.3,29516,133470,152488,baseline,xgboost,,321,,,862.8524780273438,2339.0703125,0.22540301084518433,0.6923779784027505,223.9675750732422,1075.2235107421875,2879.032958984375,0.22048193216323853,0.733839959224186,275.4814453125
log1p_target,0.3,29516,133470,152488,baseline,lightgbm,,321,,,863.2273109030115,2345.7091276232277,0.2209997926969991,0.6947993866049734,220.9719191045723,1075.5538341570643,2883.8622135753108,0.21786461302787274,0.7351851343051056,280.40025870266913
log1p_target,0.3,29516,133470,152488,baseline,catboost,,321,,,889.4953082969771,2388.4024309793704,0.1923852042013101,0.685697849968343,231.44861710187115,1119.3928279455276,2944.3049010280783,0.18473558575326587,0.7237445852861,297.5593413836764
log1p_target,0.15,14758,133470,152488,transformer_pretrained,best_model,Z:\Bloodcounts\FBC-Transformer\artifacts\blood_foundation_v2_20260421_080320\checkpoints\best_model.pt,321,0.0,0.0,983.5145874023438,2521.210205078125,0.10007286071777344,0.6218474050268807,281.7181396484375,1280.6456298828125,3145.403564453125,0.06956571340560913,0.6354637790682215,416.83428955078125
log1p_target,0.15,14758,133470,152488,transformer_scratch,transformer_scratch,,321,0.0,0.0,995.4298706054688,2569.33251953125,0.0653911828994751,0.6045673446001399,274.41705322265625,1305.997802734375,3214.96630859375,0.02795630693435669,0.611519035324398,416.1976013183594
log1p_target,0.15,14758,133470,152488,baseline,mlp_regressor,,321,,,1104.49267578125,4178.013671875,-1.4713201522827148,0.5910174766218734,296.21826171875,738040335040512.0,inf,-inf,0.628844937841307,396.1456604003906
log1p_target,0.15,14758,133470,152488,baseline,xgboost,,321,,,885.73486328125,2368.6728515625,0.20567286014556885,0.6743307901730122,235.02169799804688,1100.559814453125,2913.41845703125,0.2017505168914795,0.7152690725214191,292.94317626953125
log1p_target,0.15,14758,133470,152488,baseline,lightgbm,,321,,,891.5001645166466,2380.8723284705457,0.1974696367360932,0.674207186160706,234.19932174031752,1113.2549281071588,2933.450270504815,0.19073569917210886,0.7146218762314379,299.32946134647113
log1p_target,0.15,14758,133470,152488,baseline,catboost,,321,,,913.8094865115427,2422.316361726478,0.16928704565988117,0.6712594077612667,243.15199903533266,1151.0581392200716,2984.2833820784513,0.1624455634461387,0.7079774292240116,314.5626666572741
log1p_target,0.1,9839,133470,152488,transformer_pretrained,best_model,Z:\Bloodcounts\FBC-Transformer\artifacts\blood_foundation_v2_20260421_080320\checkpoints\best_model.pt,321,0.0,0.0,989.3683471679688,2551.625732421875,0.07822859287261963,0.6139379052547823,279.3475341796875,1295.522216796875,3186.68310546875,0.04498404264450073,0.62199460481684,408.890869140625
log1p_target,0.1,9839,133470,152488,transformer_scratch,transformer_scratch,,321,0.0,0.0,996.3296508789062,2573.889892578125,0.062072694301605225,0.5964006275912966,281.27490234375,1304.64208984375,3224.310302734375,0.02229785919189453,0.6056094556083041,400.6820068359375
log1p_target,0.1,9839,133470,152488,baseline,mlp_regressor,,321,,,1053.1585693359375,3050.88330078125,-0.31777262687683105,0.6105545184137433,276.7615051269531,1390.1817626953125,3873.292236328125,-0.41089093685150146,0.6268146123498067,387.060791015625
log1p_target,0.1,9839,133470,152488,baseline,xgboost,,321,,,898.3355712890625,2398.4609375,0.18556851148605347,0.664616756956747,243.32135009765625,1125.2559814453125,2955.25439453125,0.17866063117980957,0.7042492083967594,308.4978332519531
log1p_target,0.1,9839,133470,152488,baseline,lightgbm,,321,,,918.5930384261262,2435.4264048618747,0.1602707552412196,0.6603882652397816,249.02884858072355,1157.1043509197536,3000.75297483908,0.1531755027897238,0.6981451361387665,318.1341018166648
log1p_target,0.1,9839,133470,152488,baseline,catboost,,321,,,922.4869158131295,2443.879104121508,0.15443169862000272,0.6615830661941843,247.5876002346116,1166.9041826580053,3018.4211106242637,0.14317410836922662,0.6989529143213625,324.4379012907898
log1p_target,0.05,4919,133470,152488,transformer_pretrained,best_model,Z:\Bloodcounts\FBC-Transformer\artifacts\blood_foundation_v2_20260421_080320\checkpoints\best_model.pt,321,0.0,0.0,994.4375610351562,2574.7705078125,0.06143069267272949,0.6142587670455573,279.00225830078125,1301.3250732421875,3210.28515625,0.030785024166107178,0.621956273986572,398.54730224609375
log1p_target,0.05,4919,133470,152488,transformer_scratch,transformer_scratch,,321,0.0,0.0,1034.4447021484375,2635.635986328125,0.016532182693481445,0.5335373995124802,300.941162109375,1358.3695068359375,3290.383056640625,-0.018182992935180664,0.5307112615775625,443.75518798828125
log1p_target,0.05,4919,133470,152488,baseline,mlp_regressor,,321,,,1141.6746826171875,7853.38427734375,-7.731783866882324,0.5863647346325126,294.5436096191406,1507.6964111328125,9460.9443359375,-7.417862892150879,0.6042168922049291,413.0530090332031
log1p_target,0.05,4919,133470,152488,baseline,xgboost,,321,,,919.0200805664062,2408.439208984375,0.178777813911438,0.6411144234561601,253.04022216796875,1168.765380859375,2988.432861328125,0.1601148247718811,0.675489031461414,332.33099365234375
log1p_target,0.05,4919,133470,152488,baseline,lightgbm,,321,,,946.1180321811242,2465.136583299386,0.13965778892842295,0.643465696614062,260.6459717044305,1212.7351340363405,3058.526065314712,0.12025401335879227,0.6674990735509871,351.8120592068017
log1p_target,0.05,4919,133470,152488,baseline,catboost,,321,,,945.7473794400297,2469.689533801391,0.13647685944849053,0.6474687233977059,258.60412500365896,1212.4183493453784,3063.0777939446843,0.1176335716318666,0.675560720024136,354.3986411413357
